Model,R2
CatBoost,0.2921040493361795
Stacking,0.2944143713221544
RandomForest,0.25861167533765783
GradientBoosting,0.1423683299479146
Ridge,0.237292420674582
Linear,0.22966001109607515
