Model,R2
CatBoost,0.9970106337112192
Stacking,0.9999536694789767
RandomForest,0.9995647085568955
GradientBoosting,0.9995424134778103
Ridge,0.9999990915923862
Linear,0.9999421600763421
