Model,R2
CatBoost,0.8749844426948202
Stacking,0.8774690306541577
RandomForest,0.8671951182979074
GradientBoosting,0.8583327459866705
Ridge,0.8309133396304585
Linear,-470375.1173479074
