Model,R2
CatBoost,0.42154552112687604
Stacking,0.440569519233611
RandomForest,0.4183146045841669
GradientBoosting,0.29974346726188317
Ridge,0.10740293893487507
Linear,0.19647604738638735
