Model,R2
CatBoost,0.6575284948605351
Stacking,0.6386618896588259
RandomForest,0.6325863244647529
GradientBoosting,0.5950449305462637
Ridge,0.42811698235354234
Linear,0.49958665877124375
