Model,R2
CatBoost,0.6220597400864052
Stacking,0.626007891892087
RandomForest,0.644363727185223
GradientBoosting,0.5809952188850793
Ridge,0.37774355889938316
Linear,0.3905297177401853
