Model,R2
CatBoost,0.18960111140654423
Stacking,0.2315291270679426
RandomForest,0.2038595861126573
GradientBoosting,0.09582486909393761
Ridge,-0.0071441014934732205
Linear,0.07096492956074263
