Model,R2
CatBoost,0.4399180529978117
Stacking,0.4245068334443326
RandomForest,0.4236049330378927
GradientBoosting,0.3862554430500291
Ridge,0.29120016904681745
Linear,0.3064714317965215
