Model,R2
CatBoost,0.5474033988443706
Stacking,0.5212423026639296
RandomForest,0.4889861148436556
GradientBoosting,0.4081332790898867
Ridge,0.35468477752444794
Linear,0.3570080472125945
