Model,R2
CatBoost,0.18509442637120177
Stacking,0.20352695432076673
RandomForest,0.20774335784908038
GradientBoosting,0.07061574539356852
Ridge,0.17633098675833592
Linear,0.1399062787084575
