Model,R2
CatBoost,0.28265607818322225
Stacking,0.2860442681750618
RandomForest,0.26475197211317003
GradientBoosting,0.1338275738444803
Ridge,0.18146068494714018
Linear,0.24317521945210685
