Model,R2
CatBoost,0.42828469963906
Stacking,0.4186426845562179
RandomForest,0.41455031552609
GradientBoosting,0.32358445557457916
Ridge,0.3152873156179724
Linear,0.2993189552054588
