Model,R2
CatBoost,0.3954033683366419
Stacking,0.4067130217142537
RandomForest,0.3692485240820981
GradientBoosting,0.29595624815948707
Ridge,0.27642931941845217
Linear,0.24992273844531365
